{
  "BAAFFM_T": 3.854057966233922,
  "CPI_YOY": 2.6282042515229955,
  "UNRATE_L": 7.177403823972827
}