{
  "BAAFFM_T": 3.869649296808516,
  "CPI_YOY": 2.332585420747334,
  "UNRATE_L": 7.247170400324115
}