{
  "BAAFFM_T": 4.420000000000001,
  "CPI_YOY": 2.155678059536936,
  "UNRATE_L": 7.8
}