{
  "BAAFFM_T": {
    "min": -1.1263715501729172,
    "p05": -1.0847301111729928,
    "p10": -1.0711439957657272,
    "p50": -0.8162951034894017,
    "p90": 0.5438162889304677,
    "p95": 0.8475799743801796,
    "max": 1.3778424967830034
  },
  "CPI_YOY": {
    "min": -0.35223131072506697,
    "p05": -0.31890497076960755,
    "p10": -0.21560015676519984,
    "p50": 0.08539625646264559,
    "p90": 0.5494051895760127,
    "p95": 0.612916977321857,
    "max": 0.7045759965676393
  },
  "UNRATE_L": {
    "min": -0.340394612124153,
    "p05": -0.2729445570042982,
    "p10": -0.24885701457054044,
    "p50": -0.049473889466234766,
    "p90": 0.05242325358451475,
    "p95": 0.0614591290465567,
    "max": 0.3628894201313946
  }
}