var,mean,std,q01,q05,q10,q25,q50,q75,q90,q95,q99
FEDFUNDS,0.00231829573934837,0.49331822865297364,-1.3127000000000004,-0.5815,-0.3599999999999997,-0.07749999999999946,0.0,0.11999999999999955,0.33000000000000007,0.4929999999999997,1.2689999999999915
USGOVT,19.37844611528822,62.13220725606724,-126.09,-43.449999999999996,-20.299999999999997,3.0,21.0,39.75,63.0,77.14999999999998,134.0
BOGMBASE,0.005931445384053763,0.021139156556514507,-0.04359324523100451,-0.01593811569892851,-0.011688680289709374,-0.00116916358774799,0.005370351983916777,0.011095421700993091,0.018579790726773834,0.02757230805647461,0.07075464176331339
NONBORRES,4.15375939849624,56.85138701406141,-176.16299999999993,-53.58999999999998,-15.769999999999888,-0.6999999999999957,0.14999999999999858,1.0999999999999943,34.2900000000001,83.255,177.13799999999986
