target_metric,historical_sd_train_sample,historical_iqr_train_sample
BAAFFM_T,2.14803838698222,2.962499999999999
CPI_YOY,2.88345325659782,2.742925891499393
UNRATE_L,1.6411484454098992,2.3
