{
  "BAAFFM_T": -0.9955017566680908,
  "CPI_YOY": -0.11613178998231888,
  "UNRATE_L": -0.1701214760541916
}