{
  "BAAFFM_T": 3.217908633692524,
  "CPI_YOY": 2.077281009954028,
  "UNRATE_L": 6.801280918324625
}