{
  "FEDFUNDS": 1.005575058716044,
  "USGOVT": 499.37418671050915,
  "BOGMBASE": -0.005896716580220682,
  "NONBORRES": 284.20802805706063
}