{
  "BAAFFM_T": {
    "typ": "target",
    "T": -0.9845015265471475,
    "band": 0.3445755342915016,
    "U": 1.3778424967830034
  },
  "CPI_YOY": {
    "typ": "target",
    "T": -0.21560015676519984,
    "band": 0.1,
    "U": 0.7045759965676393
  },
  "UNRATE_L": {
    "typ": "target",
    "T": -0.16253787429725008,
    "band": 0.1,
    "U": 0.3628894201313946
  }
}