shock_structure,delta_mean_BAAFFM_T,delta_mean_CPI_YOY,delta_mean_UNRATE_L,opt_mean_BAAFFM_T,opt_mean_CPI_YOY,opt_mean_UNRATE_L
decay_rho_0.85,-0.9465154722329179,-0.0767046745291946,-0.1723672435456356,3.2893154609933792,2.097277661682679,6.783861076566557
decay_rho_0.65,-0.9017141728891152,-0.034908388294419,-0.18889014591820708,3.334116760337182,2.1390739479174545,6.767338174193985
persistent,-1.0179222995337733,-0.09670132625784555,-0.1549474017875676,3.217908633692524,2.077281009954028,6.801280918324625
